MAV,RMS,WL,ZCR,bp_d,bp_t,bp_a,bp_b,bp_30_80,bp_hi,specEnt,kurt,Signal,Start,End,Cluster
0.2502271484375,0.652281851509448,27.6116,0.109375,0.0302276715452073,0.00711458463035973,0.00139342720295332,0.00175512052259054,0.000956877574068455,0.000906329223138811,0.464742419920164,71.6398624022964,x1,1,512,1
0.0392208984375,0.0493468196876075,5.1466,0.16796875,0.000410365277695535,0.000173010742961966,0.000702404458526087,0.000432786294035865,3.90260026508106e-05,1.82208244965892e-05,0.579761432097343,3.20925630183926,x1,257,768,1
0.0370062499999999,0.0447426835848611,5.3125,0.17578125,0.000559708911455545,0.000594245032702375,0.000668341224664835,0.000418442125157766,3.35967887938293e-05,1.50519637667023e-05,0.576386359380407,2.54189169974261,x1,513,1024,1
0.0522693359375,0.0677363897480058,5.8801,0.140625,0.00163248039578735,0.00111273971028838,0.000644197796444009,0.000409844307417375,2.08550368990144e-05,6.56842787437685e-06,0.514432202622142,3.59300003957042,x1,769,1280,1
0.1133548828125,0.153666659005276,12.5329,0.12109375,0.00262795653249261,0.00909269776888316,0.00868608138688149,0.00390261104643633,0.000152573768687783,3.70281891116314e-05,0.61485208428859,4.08784090769983,x1,1025,1536,1
0.1532576171875,0.189686895025806,13.8103,0.1015625,0.0196471314318622,0.0144091698388622,0.00955421098645478,0.00365689996384041,0.000167319190892802,3.33225855695128e-05,0.569314482018551,2.68359419770855,x1,1281,1792,1
0.2175240234375,0.296955396186395,20.7075,0.09765625,0.0372487253480703,0.0178386333009037,0.0221105017130189,0.0168207838391743,0.000179212522281288,4.33972654730989e-05,0.555688484193622,5.52077834344593,x1,1537,2048,1
0.1956248046875,0.282775605017421,21.3955,0.1171875,0.0274817734746511,0.0141962073738064,0.0268531868503498,0.0204078655017954,0.000204455546613067,4.22893606237038e-05,0.559338752475523,6.55841150028485,x1,1793,2304,1
0.2451025390625,0.387882044756562,22.3934,0.109375,0.00766506035936409,0.0337748690503814,0.0128751454119674,0.00315939169818285,0.000405408244340951,9.90143712892912e-05,0.549359752285755,7.58077699063242,x1,2049,2560,1
0.4953935546875,0.63583631527636,43.2374,0.09765625,0.124001221716685,0.237145270461902,0.0311108981253848,0.0185291091196463,0.000627387095744248,0.000177490198969053,0.528047937662402,3.06615264310283,x1,2305,2816,1
0.4409091796875,0.570078015031852,38.3318,0.08984375,0.183996823354559,0.094649392208397,0.0646340749227042,0.0376579580376676,0.000640913725005987,9.74874948100051e-05,0.532729589126766,3.36839331062679,x1,2561,3072,1
0.3404544921875,0.477071672562644,24.0687,0.1015625,0.0554098110096966,0.0231759036533665,0.00404257890580754,0.00189807497481277,0.000431337596963561,4.58095162652822e-05,0.461203322013709,4.81983695636802,x1,2817,3328,1
0.326333203125,0.503493885731247,19.8609,0.08984375,0.164754503362861,0.179033579016439,0.00816678537131978,0.00239972219546595,0.000308737982414704,5.51358230266628e-05,0.414945070120004,6.0637006506352,x1,3073,3584,1
0.2048388671875,0.330542047811007,12.8742,0.0703125,0.0211558165844586,0.00362952182752173,0.00221867395843648,0.00099394937298016,9.42951464437291e-05,2.60132201099845e-05,0.448075568686253,13.1712749341629,x1,3329,3840,1
0.14787109375,0.190185379958608,11.4088,0.11328125,0.033262852761444,0.00721345874830281,0.00229814306242072,0.00106193161861405,0.000177599804945373,3.62434823826188e-05,0.418281748568279,2.87944008844467,x1,3585,4096,1
0.223762890625,0.367759194682387,33.1646,0.18359375,0.00776049107443975,0.00270941384693424,0.0262724498483167,0.0204820993179284,0.000567018844613296,9.54402812052304e-05,0.524413434385449,6.64665319966339,x1,3841,4352,1
0.537044726562501,0.709202072851398,93.6241999999999,0.20703125,0.00118674564232988,0.00163562850036679,0.32154117356866,0.201694463938321,0.0026352410174937,0.000316407586356467,0.316241731261451,2.48384248373902,x1,4097,4608,1
0.44604296875,0.634339985548463,78.942,0.25390625,0.00149020738865482,0.00108930807438737,0.261612035770698,0.16104293649341,0.00210729701488655,0.000254636298601335,0.315813934455967,3.16949464150387,x1,4353,4864,1
0.10060078125,0.149391454245424,20.6395,0.2578125,0.00153929045242005,0.000589472459137461,0.0033040748040377,0.00224588538769918,0.00123610962086504,0.000141762363980937,0.600810512523881,9.10244359444718,x1,4609,5120,1
0.0842880859375,0.104725984437513,16.8912,0.19921875,0.00407663415050575,0.00130640090405033,0.00243093310576953,0.0017298921135505,0.00132940656988121,0.000129195267758196,0.586251537929052,2.95869971419351,x1,4865,5376,1
0.0810558593749999,0.101833913302188,17.3345,0.25390625,0.0041009581746689,0.0010423960823203,0.00195295976929251,0.000963318706607245,0.00146300403248062,9.802675483188e-05,0.550933151689421,3.13011321906942,x1,5121,5632,1
0.072762890625,0.0918214835632163,18.4683,0.29296875,0.000863700107521354,0.000796682398273105,0.00221242571300163,0.00165288204706957,0.00141691202428084,0.000102891240884527,0.635658746730821,3.05570487429239,x1,5377,5888,1
0.0968845703125001,0.120903192081387,19.4465,0.1953125,0.00227117096397423,0.00215263326042112,0.0056921946397744,0.00423747475302221,0.00122827146410057,0.000122110178624855,0.643744448542786,3.05184221694592,x1,5633,6144,1
0.221515625,0.318997127362654,36.3943999999999,0.15625,0.00572779572837092,0.00203586024923804,0.0703401903033773,0.0502227848424059,0.000520260407475287,8.11751931892434e-05,0.429154464027698,4.51648778550203,x1,5889,6400,1
0.2060376953125,0.313861593295666,32.3786,0.1875,0.00260712473975145,0.00254941018248588,0.050341201073201,0.0332390638592877,0.000201788937670059,5.48325418992343e-05,0.39925606600383,4.7922396648259,x1,6145,6656,1
0.1651611328125,0.232449139220215,17.2055,0.13671875,0.0133067910699116,0.010020625699986,0.0089312227749241,0.00410473490415534,0.000207540780115862,4.82837783521446e-05,0.603837095778347,6.94029804496595,x1,6401,6912,1
0.2467509765625,0.31943943543363,26.3922,0.11328125,0.024333212455276,0.0331903847623056,0.0264739281115743,0.0218658988290909,0.000720747396813113,0.000108197363335741,0.624424740619013,3.77397006078866,x1,6657,7168,1
0.1865388671875,0.254962120769623,19.1127,0.109375,0.0259405089834181,0.0186420403153211,0.0127031528970287,0.00864466548078642,0.000379092804151623,4.39602081514753e-05,0.580521064603437,4.74636876143836,x1,6913,7424,1
0.1668494140625,0.210382353044775,13.0537,0.0859375,0.0219203004182178,0.0187124780494124,0.00368017420856123,0.0029246859009763,0.000149935902960464,3.95972808450787e-05,0.517964081232242,3.50653685999993,x1,7169,7680,1
0.1844748046875,0.241831256582263,15.6422,0.08984375,0.0217199735226486,0.0307207927973663,0.00692633378796832,0.00157955441174694,0.000133549237498305,4.04374517905439e-05,0.51814828863423,4.21982444923493,x1,7425,7936,1
0.136469140625,0.186133420519731,17.1467,0.15625,0.00431718032121479,0.00527525619914096,0.00399572308137326,0.00264209255520302,0.00024091869600746,6.7942373210751e-05,0.620757316940767,6.92652688995858,x1,7681,8192,1
0.2139736328125,0.307473801189579,22.3494,0.17578125,0.0516990889950169,0.028236940699482,0.0109987757620266,0.00996767195039201,0.000947840639467306,0.000155245527229937,0.549913714084498,5.2433505667507,x1,7937,8448,1
0.4068775390625,0.518687905828104,52.8234,0.16015625,0.106702502997132,0.0466637584883979,0.0851608995671698,0.0622188706477976,0.00278279344441757,0.000821537813897787,0.62232109278101,3.1547058145696,x1,8193,8704,1
1.0031029296875,1.30625469736745,163.5276,0.1953125,0.117967817210428,0.0507223290576253,0.846908365829403,0.501721371678249,0.00648788643077327,0.00099505928870086,0.412448737204345,2.98837763888309,x1,8449,8960,1
1.6221306640625,1.85850235995886,269.523,0.19921875,0.0733347215795894,0.0171893204075582,2.18194075832635,1.26694574195445,0.00881960018519608,0.000628325668718295,0.3045042212954,1.71734843376487,x1,8705,9216,1
1.2007546875,1.53956883730631,208.2359,0.23828125,0.00167727602520483,0.00111552961046271,1.34366506603132,0.813607921960931,0.0109222270624892,0.00067735737795844,0.324023598057942,2.41281867667751,x1,8961,9472,1
0.752524609374999,0.978942173901886,137.7958,0.23828125,0.00394832237128443,0.00156768372147067,0.637361529682123,0.415944300796697,0.0072597736447927,0.00142005174834827,0.353930874204198,3.17288749338223,x1,9217,9728,1
0.770165820312502,0.922672696117186,140.2554,0.19921875,0.000518694710261941,0.000384016587414165,0.400674658305409,0.285293454656089,0.00269085666700979,0.00216859467382268,0.330294058239665,2.44630176207557,x1,9473,9984,1
0.0121380859375,0.0156010247309672,6.01,0.59765625,3.64819026829945e-05,1.097603061898e-05,1.31292069600295e-05,5.46769347274494e-05,0.000110522918401113,7.28507660322462e-05,0.813677484634986,3.23681138775447,x2,1,512,1
0.026413671875,0.0369730502570791,9.38680000000001,0.49609375,5.19194922645982e-05,0.000220437277940681,0.000313345641455615,0.000469119091732429,0.000405144742907916,0.000315000730389215,0.828893623981539,5.61578077463579,x2,257,768,1
0.03576796875,0.0447731779186769,9.80760000000001,0.36328125,0.000591279327379716,0.00068194835547438,0.000234599045393948,0.000424677626809333,0.000341447770614338,0.000257382848269098,0.725077530252927,3.32422032730631,x2,513,1024,1
0.053040234375,0.0710826966682117,9.28440000000001,0.21875,0.0015483449197369,0.00119158377920681,0.000300318231887159,0.000304492764292648,0.000155733357771618,0.000113254751180528,0.573892056974392,4.46522602015712,x2,769,1280,1
0.13281640625,0.185286454430194,20.0668,0.17578125,0.00272901558425573,0.0117684703846914,0.0122501054389435,0.01078611120868,0.00148610323125723,0.000853145536371327,0.681941498886171,5.29192005928975,x2,1025,1536,1
0.173344921875,0.219916150746995,23.3192,0.1953125,0.0202405927818546,0.0177164140161722,0.0140238822982897,0.0105091092454527,0.00158819173504964,0.00070119992411131,0.643387151806598,3.42827470190944,x2,1281,1792,1
0.248748828125,0.356350792101337,32.7457,0.16796875,0.0396395605617952,0.020775404677852,0.0371229586827526,0.0390005037453411,0.00188527493069972,0.000746323376050754,0.598785937881115,6.79343584914149,x2,1537,2048,1
0.230176953125,0.345946056014337,35.4925,0.1875,0.0291104720303625,0.016297874503955,0.0458960919506147,0.0441497099841294,0.00189173305059916,0.000818869602477313,0.592245233645695,7.55928813330041,x2,1793,2304,1
0.2799478515625,0.443067914848242,37.6848,0.1796875,0.00831345067164333,0.0439457862013848,0.0196367893711847,0.0100971296866005,0.00411441763883656,0.00257506675606709,0.636629833083926,7.23092902184035,x2,2049,2560,1
0.5548552734375,0.721604300123711,65.8895,0.140625,0.135973326014639,0.277833009390235,0.0466844774723218,0.0466157322729906,0.00628386770243809,0.00400611933061634,0.580540773529646,3.2992553756982,x2,2305,2816,1
0.4891396484375,0.647768951970314,62.4325,0.16796875,0.194123908773864,0.110094919335729,0.111097894790707,0.0784905981970986,0.00560581217981267,0.00214074881248701,0.576404239554886,3.839391496124,x2,2561,3072,1
0.3741451171875,0.518887850038878,45.2304,0.15234375,0.0597180073126805,0.0285905149785654,0.00573833438236152,0.00474614114944661,0.00388723196919481,0.00133324088845618,0.525390594032934,4.5967928618144,x2,2817,3328,1
0.3513609375,0.538116526174571,36.2413,0.1171875,0.176949099699403,0.202176890122564,0.0126607171939625,0.00592581050094964,0.00306419037966688,0.00151958868020332,0.443281364262766,6.24088576436219,x2,3073,3584,1
0.22323515625,0.359341171777428,24.5431,0.1328125,0.0221598337072708,0.00433270993694802,0.00375251815953067,0.00239650743477175,0.00108616308482784,0.000525645664448003,0.529297858002718,14.1775671271818,x2,3329,3840,1
0.1649642578125,0.208475723116401,25.7366,0.22265625,0.0352072198648249,0.0081447397169454,0.00323970630427258,0.00239059271694142,0.00216022726409711,0.000741420553968656,0.487830444824881,2.80290883723856,x2,3585,4096,1
0.2972302734375,0.513890931836921,64.986,0.3359375,0.00786222384833449,0.00311645600966013,0.0557751469044968,0.0445376971021922,0.00637826979447548,0.00224090000090842,0.549403439936848,8.42568184238438,x2,3841,4352,1
0.758933398437499,1.01608056074209,153.5506,0.28515625,0.00125247218422999,0.00211074489365187,0.640981339602773,0.417227820507061,0.0300302328423041,0.00827238204596131,0.34979954840951,2.78594235191821,x2,4097,4608,1
0.6372625,0.908538574657469,138.8068,0.359375,0.00158613545548059,0.00136467333668155,0.507527574182081,0.327534284244659,0.0240499508562243,0.00658995810787574,0.345378952737981,3.5259106545303,x2,4353,4864,1
0.1588751953125,0.221169304007487,64.7781,0.5703125,0.00168869366497642,0.000727783946992073,0.00472664379399708,0.00555177786681004,0.0141835321738985,0.00395427155281967,0.667480002397846,6.30863489741476,x2,4609,5120,1
0.1315345703125,0.167181714093808,62.5166,0.59765625,0.00439012714978734,0.00157862622746132,0.00281104816782237,0.00283126239459429,0.0154294289998324,0.00406051263921967,0.63662855913642,3.19443561548244,x2,4865,5376,1
0.135220703125,0.167949161067047,65.0942,0.60546875,0.00426688897193211,0.00122244851590803,0.0012760417384638,0.00133292803729574,0.0166693353422919,0.00369836889822888,0.571042915514359,2.85060651874055,x2,5121,5632,1
0.132917578125,0.165695058296106,65.8596,0.625,0.000962750267805532,0.000942450072239111,0.00180795853154144,0.00337759505728206,0.0160185073641624,0.00365509056748977,0.609766934701727,3.03562352230089,x2,5377,5888,1
0.1490783203125,0.191217992777141,61.1742,0.515625,0.00239136351076399,0.00255627984528681,0.00715856352213831,0.0119743616733155,0.014057694234767,0.00344956027133457,0.698994559868775,3.36714017998152,x2,5633,6144,1
0.30804921875,0.453314907790379,68.9159,0.3203125,0.0059907607776279,0.00238238840774925,0.137507445418785,0.105964588676398,0.0061063986650239,0.00192468841001927,0.445387771552067,4.78793584098902,x2,5889,6400,1
0.282698828125,0.441510809828381,54.012,0.234375,0.00276315378459131,0.00305101131600738,0.0944737058499245,0.070127931135869,0.00231320261837716,0.00104782945786798,0.40834404233185,5.26533290920374,x2,6145,6656,1
0.1956759765625,0.288988059367565,29.6996,0.16796875,0.0141936143859676,0.0126435339762171,0.0134569233355859,0.011508003382253,0.00201403393331038,0.00104698263647531,0.683121009348916,11.4206600847981,x2,6401,6912,1
0.2946951171875,0.404637831532139,44.67,0.15234375,0.0261254000960634,0.0397310152702993,0.0447605797497518,0.0538523099502754,0.00682789877494023,0.00255677130691954,0.686111141187473,5.41902624697222,x2,6657,7168,1
0.2191392578125,0.320590995120486,33.4417,0.14453125,0.0274208823317618,0.0223158146038878,0.0223857531349382,0.0181296414114974,0.00345350715058645,0.00118598817363256,0.642311896146558,6.39441861601347,x2,6913,7424,1
0.1815888671875,0.232434766176112,21.2119,0.109375,0.0230120147682809,0.0217580530228661,0.00542998026481919,0.00682462586714013,0.00152021086136919,0.000824479705113207,0.587908277031576,3.60661184887518,x2,7169,7680,1
0.2060794921875,0.272416970256249,28.1502,0.15625,0.0230795726389501,0.0362216255446211,0.0113762386850541,0.00425565568757535,0.00151086089781438,0.000849313167258713,0.576843687514609,4.58990444382809,x2,7425,7936,1
0.1728306640625,0.234967979575476,37.0368,0.29296875,0.00457585053002589,0.00595100615019933,0.0057164820989109,0.00827525190456883,0.00315256922261905,0.00150136375841467,0.725705032078645,6.11248670574761,x2,7681,8192,1
0.2620259765625,0.361852897128317,48.7421,0.328125,0.0571794504885027,0.0333669821653302,0.0168646307092267,0.0296554429356005,0.0107621319398113,0.00338227476790614,0.655047115211546,5.46030291521518,x2,7937,8448,1
0.5203970703125,0.697847806890608,108.9133,0.26953125,0.112890907862899,0.0543279755745308,0.152658726438769,0.176167804137829,0.032702235099408,0.0160826270737806,0.697634899502703,4.3674493404395,x2,8193,8704,1
1.3813001953125,1.83421570200041,270.3462,0.2421875,0.124313993758388,0.0614148144382762,1.65419448770293,1.05112054078663,0.0725949051280866,0.0229129930283399,0.422485163475699,3.13978320883425,x2,8449,8960,1
2.230546875,2.60017507944928,407.9983,0.19921875,0.076383255564606,0.0200633429325271,4.23773301578162,2.50352989519702,0.0955961177776462,0.0175273152322474,0.312641575528856,1.85361744526395,x2,8705,9216,1
1.6858646484375,2.16825304004042,339.9644,0.28515625,0.00173438848902823,0.00151682503147355,2.56212754018252,1.63423718871028,0.116156742011357,0.0174951501421357,0.352097240083863,2.5926130761578,x2,8961,9472,1
1.078902734375,1.42707263625249,250.8073,0.28515625,0.00424714885111811,0.00198077891418469,1.23628455742155,0.924759375993031,0.0862024907742453,0.033400909724615,0.405632974116598,3.45278148184798,x2,9217,9728,1
1.0728310546875,1.36887857330628,252.4738,0.19921875,0.000554482824770053,0.000575340905016991,0.778401401767137,0.732013883168996,0.0501949202750726,0.0502111293550725,0.392265957052725,2.91395424223266,x2,9473,9984,1
118.299464556543,135.620702519995,1173.64968338156,0.0078125,3255.67611460293,291.376247954911,9.37835761972497,2.48704610789499,0.672481485068501,0.645014193717765,0.255906289728701,2.21955357166261,dalt,1,512,2
114.579518822956,132.868979588668,1742.85018575572,0.0078125,3535.88018654334,358.498261083734,11.0351659988334,3.09764372132083,0.650159041488155,0.618409918726917,0.284520418082683,2.10002993726025,dalt,257,768,2
104.25274033746,119.715990541681,1662.97699200865,0.0078125,3485.09124724258,612.39645967147,16.7608179085603,4.1726744309793,0.651675761712456,0.617628473398839,0.311395995234712,2.08858209893175,dalt,513,1024,2
111.108567956612,122.356318386537,1282.1182521322,0.00390625,3053.68312429276,179.169266640606,7.11757888896849,2.37854292393686,0.723410077257997,0.696604379947854,0.261949297855478,4.18067499041038,dalt,769,1280,2
90.9847737913273,106.910381043215,1436.63061450674,0.0234375,4353.46391334679,325.416449124787,9.86123379104145,2.82962515655785,0.699490364713485,0.669954212748259,0.359471358043295,1.95119483558145,dalt,1025,1536,2
90.4529746036671,112.642034764045,1842.44906089454,0.02734375,6725.97354067896,741.54119015661,20.3678535730553,4.51839399202461,0.784447693566193,0.744354104194811,0.364305484878601,2.52285287909895,dalt,1281,1792,2
113.228956153668,134.727330801411,1615.38272562046,0.015625,4131.52497221695,559.744014028597,15.8903551476214,3.5103549414323,0.614045410568146,0.583818149256851,0.311127198980961,2.51687972535516,dalt,1537,2048,2
81.8650390901669,109.780008860876,1096.53136134213,0.02734375,4601.99032555011,141.377857651267,6.21014380520429,1.25360084605425,0.220565538562389,0.207536643110106,0.310921078815507,2.15576591858326,dalt,1793,2304,2
38.9492983763862,50.9027321924241,1309.52679756362,0.0390625,1917.45532983165,151.311925880003,6.6555744322542,1.37871236342496,0.150434242603213,0.137099093719953,0.397263551314441,3.42919399298041,dalt,2049,2560,2
53.7721038292328,66.0847453069241,1167.96228210248,0.0234375,2258.66227202721,228.023918995275,8.549651124755,1.90952377780487,0.219134517106462,0.202872966854106,0.383841346519858,2.33188124744914,dalt,2305,2816,2
44.910676108838,56.2955594440834,744.269151507339,0.01953125,687.540705182414,72.6043849563153,1.70232585394238,0.474423020234924,0.108754831833259,0.104036237715775,0.293508900203511,2.56720984143212,dalt,2561,3072,1
28.9554018823177,35.2563003260077,841.643085321175,0.03515625,439.891381877815,201.112183869212,4.55177645284872,1.0288219674657,0.0902265530428763,0.08287768666276,0.418288362529258,2.18286312169139,dalt,2817,3328,1
34.2106261467775,39.0866079679045,660.153258064772,0.0234375,528.559802896294,156.000628069294,3.7095417407274,0.849407146153697,0.0896025563973816,0.0832222921370212,0.353024187641896,2.72541001577379,dalt,3073,3584,1
31.3969729565099,38.2509986870522,583.901998348858,0.03125,461.00718069591,92.2593600252029,1.95995134828738,0.463866225587949,0.0643246517591613,0.0603683789208136,0.334541707849584,2.38555084428675,dalt,3329,3840,1
25.3077298745418,31.2841127919967,707.555729160274,0.0390625,631.575517899997,102.333179343941,2.49315305513736,0.527870622355934,0.0442698544457211,0.0402223933058178,0.396703243186901,2.32987339110804,dalt,3585,4096,1
48.9285785709573,66.7704861639937,988.598314881128,0.02734375,2056.81709826663,218.934451147166,5.82841683752507,1.23177544447111,0.157447966612135,0.146417867272932,0.355333139201631,2.98986479899837,dalt,3841,4352,2
65.9235326148375,83.791010018257,1074.48907221116,0.01953125,2287.03020421578,205.712585587208,6.21273654072813,1.51885588332052,0.286977156149248,0.271633280428543,0.337660309939296,3.14520459099363,dalt,4097,4608,2
68.8260617361225,83.3891727369119,994.866324798487,0.01171875,3115.6546929128,32.9579931970938,1.84469400448135,0.758812753059801,0.299431157489405,0.289012401272983,0.296779831277158,1.90933499432119,dalt,4353,4864,2
0.34484664911873,0.771667407175728,28.2176549454064,0.1484375,0.0193958433298892,0.0981678665976698,0.0193172229440396,0.00109194146855221,0.000180351077005931,0.000151237879699304,0.499061355146172,11.2016331623693,thalt,1,512,1
2.8950873232745,7.58270510847833,235.953865419294,0.1484375,8.30551634055313,64.5122398759804,16.8760567734336,0.579447050991053,0.0766030639543826,0.0530309894294904,0.493777897390065,14.9736579696361,thalt,257,768,1
2.75561120969106,7.57300587069495,224.591456310222,0.12890625,7.56419886472531,63.4133896925138,16.8176024150383,0.588053709539696,0.077430288369912,0.0533212807675074,0.49278923854633,15.0504262110523,thalt,513,1024,1
6.85186358228879e-12,8.26034516905807e-12,4.26955049099954e-10,0.07421875,1.26689621756951e-23,5.00706399292746e-23,3.00591028490521e-24,2.56783756678133e-25,2.61491363518261e-26,2.16460876535153e-26,1.77712398248596e-06,2.52609005108859,thalt,769,1280,1
0.441187523597734,1.22522236227582,35.3163270705649,0.06640625,0.0762352100799841,0.211872183633668,0.0278467358571753,0.000914247510394928,9.45850799355588e-05,6.22885567894651e-05,0.479039952575875,15.059503889623,thalt,1025,1536,1
0.5664759732724,1.27098219853442,46.2341130624831,0.125,0.175003242177594,1.38527890269601,0.380804577264467,0.0140888755480283,0.00184739937558486,0.00128303360225969,0.497580439454944,13.0855923347986,thalt,1281,1792,1
0.125288449681032,0.337973241500928,10.8947193962184,0.13671875,0.00770218994930074,0.0793790140453605,0.0249199644789424,0.00092727422677912,0.000123666284941263,8.67520926457166e-05,0.493795057641868,14.7040702132004,thalt,1537,2048,1
7.47061004596888e-12,9.3148040916754e-12,5.37940357770944e-10,0.0859375,8.34526877293334e-24,8.12717706852891e-23,9.01317507885642e-24,5.41522285349925e-25,6.0257886468238e-26,4.66858492714812e-26,2.62828690293219e-06,3.32017215201081,thalt,1793,2304,1
4.52868816927507,12.4458731360748,369.096516940322,0.1328125,24.4886931167172,155.854968538498,34.7712459327525,1.11980231958282,0.142488711007675,0.098165764347354,0.491565945892027,15.0504175516138,thalt,2049,2560,1
4.52868816927285,12.4458731360748,369.096517758398,0.12890625,24.6591984469362,161.464926918944,37.4621324852094,1.26158036090921,0.162025252898688,0.113302841862844,0.492690217302354,15.0504175516139,thalt,2305,2816,1
3.18504026658458e-12,3.91111543422213e-12,2.12869690086508e-10,0.078125,1.08226516918595e-24,8.61674290207386e-24,6.80036049364309e-25,5.48088105543458e-26,6.75260467613433e-27,5.55328405432304e-27,3.1190126403616e-07,2.95287335723852,thalt,2561,3072,1
3.50849976292927e-12,4.3778295447385e-12,2.12920396629131e-10,0.07421875,5.53903714507166e-24,1.43332752193377e-23,6.82121839515688e-25,6.66126658064162e-26,6.84927677339938e-27,5.80697290264434e-27,5.90928443311196e-07,2.76897200865025,thalt,2817,3328,1
3.1126593574951e-12,3.89516227960879e-12,1.95959992815218e-10,0.07421875,3.00087973554784e-24,1.0054460574227e-23,6.45277702957057e-25,5.66387972001711e-26,5.82033594826747e-27,4.83996741379756e-27,4.06464412235181e-07,2.81557334350311,thalt,3073,3584,1
2.34931212809492e-12,2.91895581308846e-12,1.57582564798152e-10,0.078125,1.05823070113516e-24,5.95472938019748e-24,4.907175511973e-25,3.45694498224391e-26,3.77950553526845e-27,3.03756998618776e-27,2.30967731232483e-07,2.84463912816661,thalt,3329,3840,1
2.10031345740229,5.72296083671021,133.125416285585,0.07421875,2.02806868068602,4.0548685223313,0.319772349423213,0.0145866214046017,0.00192217630903161,0.00156714019073937,0.449830153950149,12.7051905785318,thalt,3585,4096,1
2.44529087482493,5.92570787503459,174.391370626936,0.125,8.35755395098615,32.8538570724149,3.38994002220706,0.217899411769136,0.0236236927917366,0.0185792640819615,0.450639208418704,11.1092795419481,thalt,3841,4352,1
0.344977417425964,1.53679311611164,39.449049493238,0.140625,0.00435683023519204,0.0157109903433383,0.0171114211299366,0.00356458001399157,0.000785941576492883,0.000594362465465581,0.637484728920731,31.3976223740336,thalt,4097,4608,1
1.6293575018745e-07,7.43328607336429e-07,5.87134933856776e-06,0.09375,3.53204369965999e-15,1.12038445330123e-15,4.56544754269088e-16,4.18949727558773e-16,2.32475359531047e-16,2.26252283392053e-16,0.575260968548586,34.7671980135201,thalt,4353,4864,1
1.42665716222637,4.72454242524583,197.612764247446,0.22265625,0.0202437267393951,2.27569389981858,7.43844148677902,2.25498315792656,0.0450002366202981,0.046792442297644,0.584298352823815,27.5546463711071,alpha,1,512,1
1.32899683841078,4.70186506764348,184.297403637297,0.20703125,0.0300869529172584,3.64406889103994,14.1973540425292,4.31551650769927,0.109191467583688,0.114315871780662,0.584909063547941,28.0958218984371,alpha,257,768,1
1.06275893374513,4.1218258174251,171.648505962424,0.19921875,0.0247821380605355,2.00923021478241,9.42949266096003,7.53190150273402,0.116424024296425,0.124285367087692,0.614940597058793,30.0569184519708,alpha,513,1024,1
1.05851352335222,4.12165332274222,171.067935767258,0.1953125,0.00278937802147719,0.197035130736262,1.43996314561851,1.7830281926463,0.0328821934396278,0.0353906840292927,0.615456207642793,30.055166320193,alpha,769,1280,1
1.59840710788233,6.69512510383643,187.456131991894,0.16796875,0.00831032590178644,0.320381423657169,0.490277393579277,0.0877042697401529,0.0275098240567228,0.0228315225015176,0.605768838271518,29.9609338386214,alpha,1025,1536,1
3.2307565383176,10.0322463867539,428.356154791763,0.19140625,0.126274112983751,33.9188209581792,112.638994273556,15.1035444506267,0.641753879440522,0.64500853375231,0.540355058907872,15.6503222657546,alpha,1281,1792,2
1.63234943043807,7.47136315597871,239.726857129098,0.20703125,0.00608426845236347,0.106442781291897,0.533423915707594,0.456109284479115,0.0307199609951011,0.0274807116828814,0.65855106843546,31.5686544986586,alpha,1537,2048,1
2.52737172308416e-12,3.42629684362568e-12,4.05567238234726e-10,0.18359375,2.61527532893994e-26,3.8004751475144e-25,7.83032941275044e-24,3.24782800515763e-24,7.58342531839224e-26,8.14784515441539e-26,3.54328572894189e-07,4.2712270883678,alpha,1793,2304,1
3.2179917849275e-12,4.32480927410224e-12,5.23759448850442e-10,0.1875,3.37543962336233e-26,4.68232162082064e-25,8.0549803256465e-24,4.09213234743052e-24,9.28194850819387e-26,9.98028130865182e-26,3.89178069277377e-07,3.73817284270667,alpha,2049,2560,1
2.89984700870423e-12,3.93302556365866e-12,4.78142781905819e-10,0.19140625,4.74242725692238e-26,7.11254926397812e-25,1.27870006952198e-23,5.2904949925252e-24,1.33538432046449e-25,1.43676107255515e-25,5.66986823140405e-07,4.0467082258435,alpha,2305,2816,1
2.08406870366717e-12,2.75224676220009e-12,3.47697636773248e-10,0.1875,2.57597465561823e-26,5.52458595725e-26,3.77824690984911e-24,8.77666118009273e-25,3.46225272083618e-26,3.71394703441132e-26,1.49239422476106e-07,3.64090223026944,alpha,2561,3072,1
2.62988290510756e-12,3.48907751928353e-12,4.36164433466144e-10,0.18359375,6.04834548050814e-26,1.73025450018172e-25,1.08242741856771e-23,2.78257497384011e-24,9.72665133701019e-26,1.04920399541258e-25,4.12290598788753e-07,3.67390503750001,alpha,2817,3328,1
1.91383813991289e-12,2.97460000865444e-12,3.13998502459803e-10,0.17578125,4.75489049617506e-26,1.2563718273788e-25,8.79028033520558e-24,2.20484085742591e-24,8.02887864748082e-26,8.67363379776423e-26,3.36325825253854e-07,5.80464446657233,alpha,3073,3584,1
1.59937632768772e-12,2.37589305673757e-12,2.64466180571934e-10,0.1796875,2.9168009436281e-26,6.74725470630705e-26,4.62936613250884e-24,1.09872695385092e-24,4.03610747067916e-26,4.34981037117707e-26,1.81333563943559e-07,5.23867527142244,alpha,3329,3840,1
2.10307886798709e-12,2.84475904764177e-12,3.3744033424758e-10,0.17578125,3.44139121563422e-26,1.27082287169959e-25,6.24737600074709e-24,1.50612798796787e-24,5.50678932992323e-26,5.94782794042415e-26,2.43626899322904e-07,3.59624570253644,alpha,3585,4096,1
2.592013930171e-12,3.75896239707845e-12,4.10371822036792e-10,0.16796875,6.37357589429664e-26,4.43133288507926e-25,1.42010794939366e-23,3.34017671433529e-24,1.21588158016829e-25,1.30974387903043e-25,5.36620013575021e-07,5.15012221048038,alpha,3841,4352,1
2.2253170216082e-12,3.52057302241313e-12,3.56930388056159e-10,0.1796875,5.49381111943837e-26,2.41590221348024e-25,1.17697296998773e-23,3.26670264767167e-24,1.09502956502979e-25,1.18108066991335e-25,4.58292570604615e-07,6.36577109689958,alpha,4097,4608,1
9.71961750200012e-13,1.43206383659058e-12,1.57555285361504e-10,0.1953125,7.64806594666548e-27,7.03434616556351e-26,1.89747664517042e-24,6.58799056645923e-25,1.88116991211622e-26,2.01479063420156e-26,8.76207228397154e-08,7.06438227271098,alpha,4353,4864,1
0.271031584369122,1.04046496455021,73.3103864050602,0.41015625,1.63824546036828e-05,0.000741561317997397,0.0362215312231561,0.725394939593293,0.0702507465098103,0.0301111062936881,0.683307044467688,39.9217335146224,belta,1,512,1
0.237827186114712,1.02069652189123,67.7587968146837,0.3984375,1.3252574632325e-06,0.000878012690372077,0.0455559505882157,0.959275105031642,0.0936949317540682,0.0423760798477089,0.685791268718379,42.9219252442338,belta,257,768,1
0.183531679650782,0.63535862579487,57.2676770208496,0.390625,3.7911803781686e-06,0.00048783267793725,0.00904498159174732,0.32795921253898,0.110244489594512,0.0155964559372227,0.711780632287637,37.0211128743266,belta,513,1024,1
0.183508356408061,0.6353584874161,57.2506757632,0.38671875,4.23406362254653e-06,8.2297783841676e-05,0.00533534173349761,0.13446692687992,0.0392801949715768,0.00667709347958409,0.69103752993529,37.020888345889,belta,769,1280,1
0.18282561229984,0.87913806404971,38.4705888691679,0.375,0.000654769899631835,0.00115763185544136,0.00659174969795872,0.102945714029384,0.0120970111936305,0.00461639471868436,0.715542795577049,76.0268416124288,belta,1025,1536,1
1.4888684661985,5.12051160776833,380.346168209661,0.36328125,0.00131687336698972,0.0262775722765446,1.14861542528764,37.6116147467972,2.06305500744754,1.42578984792013,0.635707842880413,31.2471600387913,belta,1281,1792,2
1.30604285389901,5.044477712274,337.433211087905,0.38671875,0.000656601721846166,0.0011386393736001,0.0169782152184568,0.919359402244825,0.0718106637816513,0.0442523444270735,0.621884059914069,33.1463129243389,belta,1537,2048,1
3.57729421483052e-13,5.05669683871024e-13,1.15746000057865e-10,0.39453125,7.92553652818897e-30,8.58385646428671e-29,1.11279111531557e-26,2.1038775847346e-25,3.81643201676381e-26,9.81030609651857e-27,9.85942915191246e-09,5.83976574155354,belta,1793,2304,1
0.991587746952188,3.28874267715505,237.333394208578,0.3828125,0.000623800520443485,0.0115878944210398,0.211235902853734,14.0960420808964,0.683959619296753,0.518593787706023,0.589649511946269,20.8085655445484,belta,2049,2560,1
0.991587746952104,3.28874267715505,237.333394208549,0.37109375,0.000613668636158796,0.0123160005152158,0.222953405301908,14.6414477558611,0.721564917699487,0.546329258104213,0.593727302162126,20.8085655445484,belta,2305,2816,1
2.35779991390374e-13,3.33915253992123e-13,7.40067332889163e-11,0.3828125,1.25831757021583e-30,8.03786834401884e-30,4.60418229460248e-27,5.63882168700949e-26,1.07087780335899e-26,2.23335476894924e-27,2.85613646856279e-09,5.22011853306403,belta,2561,3072,1
2.96659754799565e-13,4.23556520491034e-13,9.52118969855771e-11,0.40234375,3.78322699668682e-30,1.3405379158717e-29,1.29842892203607e-26,1.61902878426525e-25,3.0949028207958e-26,6.18834392264798e-27,7.80616275222527e-09,5.82158091815781,belta,2817,3328,1
2.2852605480463e-13,3.64534052699479e-13,7.30789381061136e-11,0.3828125,3.09825047475698e-30,1.04845544451471e-29,1.04736515721984e-26,1.30392903038646e-25,2.47614872776084e-26,5.08544877003219e-27,6.3408279865775e-09,8.78074180975667,belta,3073,3584,1
1.82560218290778e-13,2.86606114792826e-13,5.8641497113918e-11,0.38671875,1.43212116170923e-30,6.51822597580971e-30,5.39890790865981e-27,6.65937159800234e-26,1.30611966577125e-26,2.49748886060437e-27,3.35420839803226e-09,8.14533996232391,belta,3329,3840,1
0.0539653965010157,0.225814676034639,17.256056460062,0.40625,2.54121745881347e-07,3.54985181175979e-05,0.00160058413930771,0.0478205451922746,0.0171772966997313,0.00209491334963029,0.728958829575288,44.4780275967479,belta,3585,4096,1
0.0539653965011119,0.225814676034639,17.2560564600925,0.37890625,1.84276164007197e-07,3.15000448177254e-05,0.00130330285840402,0.0410813898285084,0.0150728702372089,0.00184210805171073,0.731668749121778,44.478027596748,belta,3841,4352,1
3.1134665223692e-13,4.85126045200786e-13,1.00235539064458e-10,0.37890625,4.38539941646659e-30,4.85305200054198e-29,1.45549216034003e-26,2.07407527782059e-25,3.8322666174617e-26,8.94967908385163e-27,9.86485691852218e-09,7.69031570347192,belta,4097,4608,1
1.58301618824941e-13,2.35031672527733e-13,5.10452516089372e-11,0.39453125,1.72145374746594e-30,2.81361365322163e-29,2.73115781408744e-27,5.03443460567674e-26,9.14258829364022e-27,2.47884717569492e-27,2.5242719593583e-09,7.4616845044429,belta,4353,4864,1
